{"cameraMode":{"drawMode":0,"name":"Shaded","section":"Shading Mode"},"sceneLighting":false,"audioPlay":false,"sceneViewState":{"m_AlwaysRefresh":false,"showFog":false,"showSkybox":false,"showFlares":false,"showImageEffects":false,"showParticleSystems":false,"showVisualEffectGraphs":true,"m_FxEnabled":true},"in2DMode":false,"pivot":{"x":-0.08558791875839234,"y":0.6571971774101257,"z":0.09037308394908905},"rotation":{"x":-0.09412994235754013,"y":-0.5762656927108765,"z":0.06702082604169846,"w":-0.8090684413909912},"size":1.878035306930542,"orthographic":false}